Type,Cons_per_e,Itinerary,Avg_Slope,Shape_Leng
Secondary Road,,Itinerarium Antonini,1.996541531,22254.47978
Secondary Road,,Itinerarium Antonini,2.262480948,45340.30675
Secondary Road,,Itinerarium Antonini,3.27909245,49434.86564
Secondary Road,,Itinerarium Antonini,7.441099469,21025.20426
Secondary Road,,Itinerarium Antonini,4.887322513,11723.78457
Secondary Road,,Itinerarium Antonini,6.087671452,185589.3271
Secondary Road,,Itinerarium Antonini,4.947412947,44011.57395
Secondary Road,,Itinerarium Antonini,7.299925173,93090.46445
Secondary Road,,Itinerarium Antonini,0.931075132,6783.254074
Secondary Road,,Itinerarium Antonini,0.98377408,14550.6539
Secondary Road,,Itinerarium Antonini,0.749299078,8423.347332
Secondary Road,,Itinerarium Antonini,5.026431113,98122.67679
Secondary Road,,Itinerarium Antonini,3.389381956,18039.52407
Secondary Road,,Itinerarium Antonini,4.325923992,37882.92202
Secondary Road,,Itinerarium Antonini,1.800310349,4149.637593
Secondary Road,,,6.786770392,38206.00092
Secondary Road,,,9.086617836,37796.19239
Secondary Road,,,7.295936924,47795.87413
Secondary Road,,,3.016200459,6252.023976
Secondary Road,,,0.676998004,7501.85889
Secondary Road,,,7.369985372,19486.58709
Secondary Road,,,2.627002569,31423.29899
Secondary Road,,,7.416560481,27007.98775
Secondary Road,,,4.383325996,22828.61376
Secondary Road,,,1.758172981,58008.7717
Secondary Road,,,4.402367563,34950.74449
Secondary Road,,,2.475775128,13065.52877
Secondary Road,,,4.92492337,64984.24997
Secondary Road,,Itinerarium Antonini,7.045613309,218177.028
Secondary Road,,Itinerarium Antonini,6.387141987,48816.2956
Secondary Road,,Itinerarium Antonini,3.950697177,103125.069
Secondary Road,,Itinerarium Antonini,1.470216374,11875.28115
Secondary Road,,Itinerarium Antonini,2.035321495,23317.31514
Secondary Road,,Itinerarium Antonini,1.652771334,15456.005
Secondary Road,,Itinerarium Antonini,1.40083864,38191.58715
Secondary Road,,Itinerarium Antonini,1.533134869,11843.98558
Secondary Road,,Itinerarium Antonini,0.755239527,8685.971906
Main Road,,Itinerarium Antonini,5.915344271,136459.1223
Main Road,,Itinerarium Antonini,2.569378565,2939.108436
Main Road,,"Tabula Peutingeriana, Itinerarium Antonini",1.126456952,27795.6512
Main Road,,"Tabula Peutingeriana, Itinerarium Antonini",1.398695831,2829.007756
Main Road,,"Tabula Peutingeriana, Itinerarium Antonini",2.330218479,36974.86212
Main Road,,"Tabula Peutingeriana, Itinerarium Antonini",3.238304717,6867.439873
Main Road,,"Tabula Peutingeriana, Itinerarium Antonini",3.507652003,25408.23126
Main Road,,"Tabula Peutingeriana, Itinerarium Antonini",6.65424593,35378.54161
Main Road,,"Tabula Peutingeriana, Itinerarium Antonini",1.4504982,16003.15074
Main Road,,Itinerarium Antonini,2.649701235,34531.71319
Main Road,,Itinerarium Antonini,5.211921126,971.4420138
Main Road,,Itinerarium Antonini,3.374260551,52229.32829
Main Road,,"Tabula Peutingeriana, Itinerarium Antonini",10.87920913,2454.736744
Main Road,,"Tabula Peutingeriana, Itinerarium Antonini",13.06985656,2457.238705
Main Road,,"Tabula Peutingeriana, Itinerarium Antonini",4.482002587,82789.38172
Main Road,,"Tabula Peutingeriana, Itinerarium Antonini",7.274706745,68403.0325
Main Road,,"Tabula Peutingeriana, Itinerarium Antonini",3.173840449,19136.79486
Main Road,,"Tabula Peutingeriana, Itinerarium Antonini",2.234582763,19406.89445
Main Road,,,3.682543631,24237.39336
Secondary Road,,"Tabula Peutingeriana, Itinerarium Antonini",4.278462891,37854.11297
Secondary Road,,"Tabula Peutingeriana, Itinerarium Antonini",4.138306087,13022.5829
Secondary Road,,"Tabula Peutingeriana, Itinerarium Antonini",3.402956752,54154.89486
Main Road,,Itinerarium Antonini,5.293462823,6324.09974
Main Road,,Itinerarium Antonini,4.470432725,74523.09846
Main Road,,Itinerarium Antonini,2.263370944,83759.98958
Main Road,,Itinerarium Antonini,3.714171372,76408.63463
Main Road,,"Tabula Peutingeriana, Itinerarium Antonini",1.666746026,16069.73397
Main Road,,"Tabula Peutingeriana, Itinerarium Antonini",3.369419368,81557.29454
Main Road,,"Tabula Peutingeriana, Itinerarium Antonini",6.311597298,644.363018
Main Road,,,2.415361452,14526.75725
Main Road,,"Tabula Peutingeriana, Itinerarium Antonini",2.46352676,13765.68901
Main Road,,"Tabula Peutingeriana, Itinerarium Antonini",2.096902349,1799.848139
Main Road,,"Tabula Peutingeriana, Itinerarium Antonini",1.253351615,39526.78485
Secondary Road,,,3.48473083,42505.75032
Main Road,,"Tabula Peutingeriana, Itinerarium Antonini",1.837878289,2584.00342
Main Road,,Itinerarium Antonini,1.951885458,24324.65625
Main Road,,"Tabula Peutingeriana, Itinerarium Antonini",2.365747191,24094.51986
Main Road,Claudius (41-54 CE),"Tabula Peutingeriana, Itinerarium Antonini",5.186938311,51837.64687
Secondary Road,,,1.087980889,24032.86736
Main Road,Septimius Severus Caracalla and Geta (201 CE),Itinerarium Antonini,7.239608591,24295.48979
Main Road,Septimius Severus Caracalla and Geta (201 CE),Itinerarium Antonini,3.145139271,32270.38136
Secondary Road,,,0.931445503,31146.21491
Main Road,Septimius Severus Caracalla and Geta (201 CE),"Tabula Peutingeriana, Itinerarium Antonini",2.730983111,22384.41234
Main Road,,"Tabula Peutingeriana, Itinerarium Antonini",3.582087316,19097.71889
Main Road,,"Tabula Peutingeriana, Itinerarium Antonini",0.979184053,7330.798016
Main Road,,"Tabula Peutingeriana, Itinerarium Antonini",0.867000457,16106.94985
Main Road,,"Tabula Peutingeriana, Itinerarium Antonini, Via Domitia",6.380149948,17967.62151
Secondary Road,,"Tabula Peutingeriana, Itinerarium Antonini",5.585520843,5735.06935
Main Road,Gaius Flaminius Nepos (220-219 BCE),"Tabula Peutingeriana, Itinerarium Antonini, Via Flaminia",3.63203466,104660.4049
Main Road,Gaius Flaminius Nepos (220-219 BCE),"Tabula Peutingeriana, Itinerarium Antonini, Via Flaminia",2.474030466,5215.764215
Main Road,Gaius Flaminius Nepos (220-219 BCE),"Tabula Peutingeriana, Itinerarium Antonini, Via Flaminia",3.607583138,73170.65251
Main Road,Gaius Flaminius Nepos (220-219 BCE),"Tabula Peutingeriana, Itinerarium Antonini, Via Flaminia",3.37890832,19766.02535
Main Road,Gaius Flaminius Nepos (220-219 BCE),"Tabula Peutingeriana, Itinerarium Antonini, Via Flaminia",3.359779735,58361.71952
Main Road,,"Tabula Peutingeriana, Itinerarium Antonini, Via Flaminia Nova",4.856474469,51398.6489
Main Road,,"Tabula Peutingeriana, Itinerarium Antonini, Via Flaminia Nova",2.136794877,12165.596
Main Road,,"Tabula Peutingeriana, Itinerarium Antonini, Via Cassia",3.429844233,7809.297798
Main Road,,"Tabula Peutingeriana, Itinerarium Antonini, Via Cassia",2.808411363,3020.389274
Main Road,,"Tabula Peutingeriana, Itinerarium Antonini, Via Cassia",2.755326022,17069.3573
Main Road,,"Tabula Peutingeriana, Itinerarium Antonini, Via Cassia",2.596415117,74126.4544
Main Road,,"Tabula Peutingeriana, Itinerarium Antonini, Via Cassia",4.656634337,33789.4896
Main Road,,"Tabula Peutingeriana, Itinerarium Antonini, Via Cassia",1.447066683,74205.02432
Main Road,Gaius Aurelius Cotta (241 BCE),"Tabula Peutingeriana, Itinerarium Antonini, Via Aurelia",3.923123578,2133.946721
Main Road,Gaius Aurelius Cotta (241 BCE),"Tabula Peutingeriana, Itinerarium Antonini, Via Aurelia",1.221273485,16814.89902
Main Road,Gaius Aurelius Cotta (241 BCE),"Tabula Peutingeriana, Itinerarium Antonini, Via Aurelia",1.278048589,3308.535059
Main Road,Gaius Aurelius Cotta (241 BCE),"Tabula Peutingeriana, Itinerarium Antonini, Via Aurelia",2.336669031,29061.52261
Main Road,Gaius Aurelius Cotta (241 BCE),"Tabula Peutingeriana, Itinerarium Antonini, Via Aurelia",1.330849643,56741.21278
Main Road,Gaius Aurelius Cotta (241 BCE),"Tabula Peutingeriana, Itinerarium Antonini, Via Aurelia",1.345239756,16273.61791
Main Road,,"Tabula Peutingeriana, Itinerarium Antonini, Via Latina",2.016933982,14726.52586
Main Road,,"Tabula Peutingeriana, Itinerarium Antonini, Via Latina",4.163336586,4473.907967
Main Road,,"Tabula Peutingeriana, Itinerarium Antonini, Via Latina",3.077458291,1132.921389
Secondary Road,,,4.575824875,109411.8271
Secondary Road,,,5.836168937,12613.99018
Secondary Road,,,12.68694242,408.3499371
Secondary Road,,,9.090130142,48303.04322
Secondary Road,,,0.832359252,457.2170809
Main Road,,"Tabula Peutingeriana, Itinerarium Antonini",0.982281513,2589.7966
Main Road,,Itinerarium Antonini,0.986041637,13770.09679
Main Road,,Itinerarium Antonini,0.963411389,21458.19526
Main Road,,Itinerarium Antonini,1.679715102,2408.53471
Main Road,,"Tabula Peutingeriana, Itinerarium Antonini",2.364455306,43556.26072
Main Road,,"Tabula Peutingeriana, Itinerarium Antonini",0.929504878,11446.5635
Main Road,,"Tabula Peutingeriana, Itinerarium Antonini",1.02560956,14913.71764
Main Road,,"Tabula Peutingeriana, Itinerarium Antonini",2.279665223,59626.55183
Main Road,,"Tabula Peutingeriana, Itinerarium Antonini",1.042065386,50043.99335
Main Road,Gaius Flaminius Nepos (220-219 BCE),"Tabula Peutingeriana, Itinerarium Antonini, Via Flaminia",2.100299877,45593.48181
Main Road,,,5.290121174,37028.43607
Main Road,,,5.360981109,502.1072432
Main Road,,,5.482545641,54720.56603
Main Road,,,5.1201785,6232.999567
Secondary Road,,,5.642116461,17651.37966
Secondary Road,,,4.216511535,12140.06844
Secondary Road,,,5.94456779,27363.46237
Main Road,Marcus Aemilius Lepidus (189-187 CE),"Tabula Peutingeriana, Itinerarium Antonini, Via Aemilia",0.919551798,30939.08949
Main Road,Marcus Aemilius Lepidus (189-187 CE),"Tabula Peutingeriana, Itinerarium Antonini, Via Aemilia",1.159369803,26740.55393
Main Road,Marcus Aemilius Lepidus (189-187 CE),"Tabula Peutingeriana, Itinerarium Antonini, Via Aemilia",1.001366248,31250.8631
Main Road,Marcus Aemilius Lepidus (189-187 CE),"Tabula Peutingeriana, Itinerarium Antonini, Via Aemilia",1.108438799,25523.80465
Main Road,Marcus Aemilius Lepidus (189-187 CE),"Tabula Peutingeriana, Itinerarium Antonini, Via Aemilia",1.129305855,32004.26282
Main Road,Marcus Aemilius Lepidus (189-187 CE),"Tabula Peutingeriana, Itinerarium Antonini, Via Aemilia",1.233883019,18890.33483
Main Road,Marcus Aemilius Lepidus (189-187 CE),"Tabula Peutingeriana, Itinerarium Antonini, Via Aemilia",1.516883366,5453.39025
Main Road,Marcus Aemilius Lepidus (189-187 CE),"Tabula Peutingeriana, Itinerarium Antonini, Via Aemilia",1.36459119,3257.996895
Main Road,Marcus Aemilius Lepidus (189-187 CE),"Tabula Peutingeriana, Itinerarium Antonini, Via Aemilia",1.012323283,58353.35285
Main Road,Marcus Aemilius Lepidus (189-187 CE),"Tabula Peutingeriana, Itinerarium Antonini, Via Aemilia",0.940293171,26681.95684
Main Road,Publius Popillius Laenas (132 BCE),"Tabula Peutingeriana, Itinerarium Antonini, Via Popillia",0.69381105,30294.24696
Main Road,Publius Popillius Laenas (132 BCE),"Tabula Peutingeriana, Itinerarium Antonini, Via Popillia",0.576362881,15480.8301
Main Road,Publius Popillius Laenas (132 BCE),"Tabula Peutingeriana, Via Popillia",0.672430349,63112.20013
Secondary Road,,Tabula Peutingeriana,0.87035951,34448.60471
Main Road,Publius Popillius Laenas (132 BCE),"Tabula Peutingeriana, Via Popillia",0.676508673,20103.46043
Main Road,Titus Annius Rufus (131 BCE),Via Annia,0.707025064,41150.24375
Main Road,Titus Annius Rufus (131 BCE),"Tabula Peutingeriana, Itinerarium Antonini, Via Annia",0.997238826,23977.06491
Main Road,Publius Popillius Laenas (132 BCE),"Tabula Peutingeriana, Via Popillia",0.75370682,9327.001682
Main Road,Lucius Cornelius Scipio Asiaticus and Gaius Laelius (190 BCE),"Tabula Peutingeriana, Itinerarium Antonini, Via Appia",1.683685791,14247.62521
Main Road,Lucius Cornelius Scipio Asiaticus and Gaius Laelius (190 BCE),"Tabula Peutingeriana, Itinerarium Antonini, Via Appia",1.104279096,21426.2257
Main Road,Lucius Cornelius Scipio Asiaticus and Gaius Laelius (190 BCE),"Tabula Peutingeriana, Itinerarium Antonini, Via Appia",2.735415996,693.9579561
Main Road,,Tabula Peutingeriana,1.022202345,14263.25163
Secondary Road,,,1.56632039,7374.573867
Main Road,,Tabula Peutingeriana,1.095880096,6738.515334
Main Road,,Tabula Peutingeriana,1.611618259,14013.07288
Main Road,,,1.106540215,15066.74795
Main Road,Lucius Cornelius Scipio Asiaticus and Gaius Laelius (190 BCE),"Tabula Peutingeriana, Itinerarium Antonini, Via Appia",3.273426684,478.5452699
Main Road,Lucius Cornelius Scipio Asiaticus and Gaius Laelius (190 BCE),"Tabula Peutingeriana, Itinerarium Antonini, Via Appia",0.955722284,739.596331
Main Road,Lucius Cornelius Scipio Asiaticus and Gaius Laelius (190 BCE),"Tabula Peutingeriana, Itinerarium Antonini, Via Appia",0.968826831,30027.38297
Secondary Road,,,4.450109177,480.549928
Secondary Road,,,1.107422118,38493.42388
Main Road,Trajan (108-110 CE),"Tabula Peutingeriana, Itinerarium Antonini, Via Traiana",1.023383615,24537.60454
Main Road,Trajan (108-110 CE),"Tabula Peutingeriana, Via Traiana",1.247075423,16526.91828
Main Road,Trajan (108-110 CE),"Tabula Peutingeriana, Via Traiana",1.271575907,263.377547
Main Road,Trajan (108-110 CE),"Tabula Peutingeriana, Via Traiana",1.366692982,40857.22001
Main Road,,"Tabula Peutingeriana, Itinerarium Antonini",1.279318065,15518.04674
Main Road,,Itinerarium Antonini,1.334661955,6983.632174
Main Road,Trajan (108-110 CE),"Tabula Peutingeriana, Itinerarium Antonini, Via Traiana",0.809901665,32269.49484
Secondary Road,,,0.9349531,48442.89997
Secondary Road,,,1.335492272,33844.42892
Secondary Road,,Tabula Peutingeriana,1.121651018,18652.38862
Secondary Road,,Tabula Peutingeriana,1.00256112,56306.6086
Secondary Road,,,1.087066157,24370.6573
Secondary Road,,,1.052139616,13715.42648
Secondary Road,,,3.216318801,5757.362023
Secondary Road,,,6.720641366,4626.593477
Main Road,,Itinerarium Antonini,7.307582346,2184.081187
Main Road,,Itinerarium Antonini,5.006936664,39543.9751
Main Road,,Tabula Peutingeriana,1.10096507,4963.727346
Main Road,,Tabula Peutingeriana,1.839668536,301.5644594
Main Road,,Tabula Peutingeriana,0.932239949,9250.416873
Main Road,Lucius Cornelius Scipio Asiaticus and Gaius Laelius (190 BCE),"Itinerarium Antonini, Via Appia",0.679390734,4940.933393
Main Road,Lucius Cornelius Scipio Asiaticus and Gaius Laelius (190 BCE),"Itinerarium Antonini, Via Appia",1.771815052,21602.38917
Main Road,Lucius Cornelius Scipio Asiaticus and Gaius Laelius (190 BCE),"Itinerarium Antonini, Via Appia",1.199532938,41063.97937
Main Road,Lucius Cornelius Scipio Asiaticus and Gaius Laelius (190 BCE),"Tabula Peutingeriana, Itinerarium Antonini, Via Appia",6.065274076,1279.62709
Main Road,Lucius Cornelius Scipio Asiaticus and Gaius Laelius (190 BCE),"Tabula Peutingeriana, Itinerarium Antonini, Via Appia",4.27796432,2590.151601
Main Road,Lucius Cornelius Scipio Asiaticus and Gaius Laelius (190 BCE),"Tabula Peutingeriana, Itinerarium Antonini, Via Appia",6.230301021,971.607237
Main Road,Lucius Cornelius Scipio Asiaticus and Gaius Laelius (190 BCE),"Tabula Peutingeriana, Itinerarium Antonini, Via Appia",5.024993866,39014.22318
Main Road,Lucius Cornelius Scipio Asiaticus and Gaius Laelius (190 BCE),"Tabula Peutingeriana, Itinerarium Antonini, Via Appia",4.70992246,8352.024221
Main Road,Lucius Cornelius Scipio Asiaticus and Gaius Laelius (190 BCE),"Tabula Peutingeriana, Itinerarium Antonini, Via Appia",4.037506496,8262.561089
Main Road,Lucius Cornelius Scipio Asiaticus and Gaius Laelius (190 BCE),"Tabula Peutingeriana, Itinerarium Antonini, Via Appia",3.547613803,29271.09246
Main Road,Lucius Cornelius Scipio Asiaticus and Gaius Laelius (190 BCE),"Tabula Peutingeriana, Itinerarium Antonini, Via Appia",3.153084259,23735.35466
Main Road,Lucius Cornelius Scipio Asiaticus and Gaius Laelius (190 BCE),"Tabula Peutingeriana, Itinerarium Antonini, Via Appia",2.666102026,266.0420633
Main Road,Lucius Cornelius Scipio Asiaticus and Gaius Laelius (190 BCE),"Tabula Peutingeriana, Itinerarium Antonini, Via Appia",2.285679337,18503.28838
Main Road,Lucius Cornelius Scipio Asiaticus and Gaius Laelius (190 BCE),"Tabula Peutingeriana, Itinerarium Antonini, Via Appia",1.583357716,22224.23536
Main Road,Lucius Cornelius Scipio Asiaticus and Gaius Laelius (190 BCE),"Tabula Peutingeriana, Itinerarium Antonini, Via Appia",0.916704816,13014.51816
Main Road,Appius Claudius Caecus (312 BCE),"Tabula Peutingeriana, Itinerarium Antonini, Via Appia",0.72105406,20341.92957
Main Road,Appius Claudius Caecus (312 BCE),"Tabula Peutingeriana, Itinerarium Antonini, Via Appia",1.29773591,5525.745144
Main Road,Appius Claudius Caecus (312 BCE),"Tabula Peutingeriana, Itinerarium Antonini, Via Appia",3.380135779,17466.83516
Main Road,Appius Claudius Caecus (312 BCE),"Tabula Peutingeriana, Itinerarium Antonini, Via Appia",3.530121465,18376.12547
Main Road,Appius Claudius Caecus (312 BCE),"Tabula Peutingeriana, Itinerarium Antonini, Via Appia",1.392589899,62848.43149
Main Road,Appius Claudius Caecus (312 BCE),"Tabula Peutingeriana, Itinerarium Antonini, Via Appia",4.775971096,6996.157851
Main Road,Appius Claudius Caecus (312 BCE),"Tabula Peutingeriana, Itinerarium Antonini, Via Appia",2.004745517,16271.74585
Main Road,Appius Claudius Caecus (312 BCE),"Tabula Peutingeriana, Itinerarium Antonini, Via Appia",3.308409704,6109.715588
Main Road,,"Tabula Peutingeriana, Itinerarium Antonini",0.784021136,12403.35871
Main Road,,"Tabula Peutingeriana, Itinerarium Antonini",1.595971005,63843.26105
Main Road,,Tabula Peutingeriana,6.224573751,51789.4598
Secondary Road,,,7.387794966,24379.38105
Secondary Road,,,1.899190833,19684.01474
Secondary Road,,,2.064964399,21805.30478
Secondary Road,,,0.774643333,4655.228621
Main Road,,Itinerarium Antonini,1.097477077,4819.294377
Main Road,Publius Popillius Laenas (132 BCE),"Tabula Peutingeriana, Itinerarium Antonini, Via Popillia Capua-Rhegium",2.230514683,10501.78222
Main Road,Publius Popillius Laenas (132 BCE),"Tabula Peutingeriana, Itinerarium Antonini, Via Popillia Capua-Rhegium",3.311704247,30557.58519
Main Road,,Tabula Peutingeriana,2.762381833,16788.02755
Main Road,,Tabula Peutingeriana,3.317188911,4806.247059
Secondary Road,,,3.824120607,41794.61077
Main Road,Publius Popillius Laenas (132 BCE),"Tabula Peutingeriana, Itinerarium Antonini, Via Popillia Capua-Rhegium",6.109992939,13497.33205
Main Road,Publius Popillius Laenas (132 BCE),"Tabula Peutingeriana, Itinerarium Antonini, Via Popillia Capua-Rhegium",2.736643501,52883.53639
Main Road,Publius Popillius Laenas (132 BCE),"Tabula Peutingeriana, Itinerarium Antonini, Via Popillia Capua-Rhegium",4.138287762,15370.60621
Main Road,Publius Popillius Laenas (132 BCE),"Tabula Peutingeriana, Itinerarium Antonini, Via Popillia Capua-Rhegium",0.596939729,1450.4701
Main Road,Publius Popillius Laenas (132 BCE),"Tabula Peutingeriana, Itinerarium Antonini, Via Popillia Capua-Rhegium",4.831696639,30677.14452
Main Road,Publius Popillius Laenas (132 BCE),"Tabula Peutingeriana, Itinerarium Antonini, Via Popillia Capua-Rhegium",5.366556849,42681.22753
Main Road,Publius Popillius Laenas (132 BCE),"Tabula Peutingeriana, Itinerarium Antonini, Via Popillia Capua-Rhegium",6.929169293,23465.46994
Main Road,Publius Popillius Laenas (132 BCE),"Tabula Peutingeriana, Itinerarium Antonini, Via Popillia Capua-Rhegium",7.797225257,451.2758883
Main Road,Publius Popillius Laenas (132 BCE),"Tabula Peutingeriana, Itinerarium Antonini, Via Popillia Capua-Rhegium",6.609035524,23394.49466
Main Road,Publius Popillius Laenas (132 BCE),"Tabula Peutingeriana, Itinerarium Antonini, Via Popillia Capua-Rhegium",1.929764996,980.8287078
Main Road,Publius Popillius Laenas (132 BCE),"Tabula Peutingeriana, Itinerarium Antonini, Via Popillia Capua-Rhegium",1.016370777,2638.271877
Main Road,Publius Popillius Laenas (132 BCE),"Tabula Peutingeriana, Itinerarium Antonini, Via Popillia Capua-Rhegium",3.060678454,32927.31935
Main Road,Publius Popillius Laenas (132 BCE),"Tabula Peutingeriana, Itinerarium Antonini, Via Popillia Capua-Rhegium",3.580580298,8967.38622
Main Road,Publius Popillius Laenas (132 BCE),"Tabula Peutingeriana, Itinerarium Antonini, Via Popillia Capua-Rhegium",3.390227027,22276.10786
Secondary Road,,,5.264734198,85002.12964
Main Road,Publius Popillius Laenas (132 BCE),"Itinerarium Antonini, Via Popillia Capua-Rhegium",8.212200125,19911.10953
Secondary Road,,,0.749006908,7785.450898
Secondary Road,,,1.533771326,11606.83188
Secondary Road,,,6.764275187,26513.74695
Secondary Road,,,1.855036772,5348.259757
Secondary Road,,,10.66313814,35892.28948
Secondary Road,,,5.447382952,6844.43295
Secondary Road,,,8.895699186,27128.54586
Secondary Road,,,1.810553295,11832.21547
Secondary Road,,,7.660545267,38504.98134
Secondary Road,,,7.166857474,34866.17199
Secondary Road,,,3.574062983,19270.05871
Secondary Road,,,7.391335612,14919.22237
Main Road,,Itinerarium Antonini,8.635724082,15623.58974
Main Road,,Itinerarium Antonini,4.650026709,30190.78667
Main Road,,Itinerarium Antonini,8.810787924,139.9591745
Main Road,,Tabula Peutingeriana,4.003964369,990.853477
Main Road,,Tabula Peutingeriana,5.979492211,49696.38507
Main Road,,"Tabula Peutingeriana, Itinerarium Antonini",5.663594379,20572.69562
Main Road,,"Tabula Peutingeriana, Itinerarium Antonini",5.901536967,26568.14584
Secondary Road,,,2.910924572,57004.18665
Secondary Road,,,2.268579851,51576.38104
Secondary Road,,,1.864473217,29527.3116
Secondary Road,,,6.68942345,30841.64774
Secondary Road,,,3.399206863,30097.46528
Secondary Road,,,7.186807022,54508.03517
Main Road,,Tabula Peutingeriana,5.684837016,78894.78416
Main Road,,Tabula Peutingeriana,1.114280915,12623.7869
Main Road,,Tabula Peutingeriana,1.013917079,17741.29912
Main Road,,"Tabula Peutingeriana, Itinerarium Antonini",1.146670747,10942.25164
Main Road,,"Tabula Peutingeriana, Itinerarium Antonini",1.123609338,42371.59664
Secondary Road,,Itinerarium Antonini,1.483189033,59809.83147
Secondary Road,,,1.919385832,64382.48081
Main Road,Trajan (108-110 CE),"Tabula Peutingeriana, Itinerarium Antonini, Via Traiana",1.188005554,56656.29077
Main Road,Trajan (108-110 CE),"Tabula Peutingeriana, Itinerarium Antonini, Via Traiana",1.083670234,39763.5274
Secondary Road,,,0.927293056,21457.30827
Secondary Road,,,1.512081691,9435.683712
Main Road,,,2.000493601,16522.53791
Main Road,,Tabula Peutingeriana,0.71154343,17976.52613
Main Road,,Tabula Peutingeriana,1.755191299,11301.85197
Main Road,,"Tabula Peutingeriana, Itinerarium Antonini",1.111377325,6421.08283
Main Road,,"Tabula Peutingeriana, Itinerarium Antonini",1.16946799,27610.55947
Main Road,,"Tabula Peutingeriana, Itinerarium Antonini",2.213358584,887.9111842
Main Road,,"Tabula Peutingeriana, Itinerarium Antonini",1.251268712,26406.82359
Main Road,,"Tabula Peutingeriana, Itinerarium Antonini",1.734011431,3969.214851
Main Road,,"Tabula Peutingeriana, Itinerarium Antonini",0.552265527,290.1833701
Main Road,,"Tabula Peutingeriana, Itinerarium Antonini",0.76632761,6647.017098
Main Road,,"Tabula Peutingeriana, Itinerarium Antonini",0.687236645,27330.36337
Secondary Road,,,1.887960296,22623.43059
Secondary Road,,,4.366663161,5302.133849
Secondary Road,,,1.479588134,33753.91537
Main Road,,Itinerarium Antonini,2.743662016,13327.73168
Secondary Road,,Tabula Peutingeriana,2.972190428,31080.33091
Main Road,,"Tabula Peutingeriana, Itinerarium Antonini",3.434569046,27295.23938
Main Road,Trajan (108-110 CE),"Tabula Peutingeriana, Itinerarium Antonini, Via Traiana",4.847699723,25362.60371
Main Road,,Tabula Peutingeriana,3.977775891,33614.44175
Main Road,,Itinerarium Antonini,3.662930034,410.2002617
Main Road,,Itinerarium Antonini,1.398580442,5923.502436
Main Road,,Itinerarium Antonini,1.04861484,16500.24682
Main Road,,Itinerarium Antonini,0.931371613,18198.14341
Secondary Road,,Itinerarium Antonini,0.981068305,6866.969676
Main Road,Trajan (108-110 CE),"Tabula Peutingeriana, Itinerarium Antonini, Via Traiana",4.206457419,10464.04985
Main Road,Trajan (108-110 CE),"Tabula Peutingeriana, Itinerarium Antonini, Via Traiana",3.959644564,21053.4582
Secondary Road,,Tabula Peutingeriana,2.649821588,29100.43559
Secondary Road,,Tabula Peutingeriana,5.228334489,45928.45589
Main Road,Publius Popillius Laenas (132 BCE),"Tabula Peutingeriana, Itinerarium Antonini, Via Popillia Capua-Rhegium",3.106915532,33187.94551
Main Road,Publius Popillius Laenas (132 BCE),"Tabula Peutingeriana, Itinerarium Antonini, Via Popillia Capua-Rhegium",1.532144753,6464.128133
Main Road,,Tabula Peutingeriana,1.761576518,1633.883035
Main Road,,Tabula Peutingeriana,3.127847738,1537.429532
Main Road,,Tabula Peutingeriana,1.440825876,24838.98634
Main Road,,Tabula Peutingeriana,1.29397195,1563.023162
Secondary Road,,,1.316591353,19753.292
Main Road,Publius Popillius Laenas (132 BCE),"Tabula Peutingeriana, Itinerarium Antonini, Via Popillia Capua-Rhegium",0.50374983,587.9645251
Main Road,Publius Popillius Laenas (132 BCE),"Tabula Peutingeriana, Itinerarium Antonini, Via Popillia Capua-Rhegium",1.019323676,6666.108188
Secondary Road,,,1.310102579,16415.41385
Secondary Road,,,1.797121294,7713.898043
Main Road,Publius Popillius Laenas (132 BCE),"Tabula Peutingeriana, Itinerarium Antonini, Via Popillia Capua-Rhegium",1.315018293,12781.17302
Main Road,Publius Popillius Laenas (132 BCE),"Tabula Peutingeriana, Itinerarium Antonini, Via Popillia Capua-Rhegium",1.888629692,3444.457016
Main Road,Publius Popillius Laenas (132 BCE),"Tabula Peutingeriana,Via Popillia Capua-Rhegium",1.416682782,1528.567387
Main Road,Publius Popillius Laenas (132 BCE),"Tabula Peutingeriana,Via Popillia Capua-Rhegium",1.721149994,982.1860225
Main Road,Publius Popillius Laenas (132 BCE),"Tabula Peutingeriana,Via Popillia Capua-Rhegium",1.155297253,7717.236631
Main Road,Publius Popillius Laenas (132 BCE),"Tabula Peutingeriana, Itinerarium Antonini, Via Popillia Capua-Rhegium",2.36279757,33362.95327
Secondary Road,,,0.940935416,3955.695638
Main Road,,Tabula Peutingeriana,1.32284203,9938.530925
Main Road,,Tabula Peutingeriana,1.735174294,2393.136846
Main Road,,Tabula Peutingeriana,1.10409165,5313.826471
Secondary Road,,Tabula Peutingeriana,1.261808821,4958.676118
Secondary Road,,,2.755154253,29981.20933
Secondary Road,,,2.794422469,2220.693671
Secondary Road,,,3.100732987,20635.01967
Main Road,Publius Popillius Laenas (132 BCE),"Tabula Peutingeriana, Itinerarium Antonini, Via Popillia Capua-Rhegium",0.789856084,11954.6324
Main Road,,"Tabula Peutingeriana, Itinerarium Antonini",1.86976643,24076.02039
Main Road,,"Tabula Peutingeriana, Via Latina",1.011538639,11297.7822
Main Road,,"Tabula Peutingeriana, Via Latina",11.19819021,61.65251984
Main Road,,"Tabula Peutingeriana, Via Latina",2.756942827,9284.233827
Secondary Road,,"Tabula Peutingeriana, Itinerarium Antonini",1.886212007,18142.47161
Secondary Road,,"Tabula Peutingeriana, Itinerarium Antonini",1.32152262,3146.797936
Secondary Road,,"Tabula Peutingeriana, Itinerarium Antonini",1.074978406,7692.19258
Secondary Road,Augustus (3-4 CE),Itinerarium Antonini,5.730850087,13866.34526
Main Road,,"Tabula Peutingeriana, Itinerarium Antonini, Via Latina",3.42216755,13984.71204
Main Road,,"Tabula Peutingeriana, Itinerarium Antonini, Via Latina",1.660118527,9090.464717
Main Road,,"Tabula Peutingeriana, Itinerarium Antonini, Via Latina",1.046059599,10739.59101
Main Road,,"Tabula Peutingeriana, Itinerarium Antonini, Via Latina",1.541136856,4068.986415
Main Road,,"Tabula Peutingeriana, Itinerarium Antonini, Via Latina",2.033291445,18400.16928
Main Road,,"Tabula Peutingeriana, Itinerarium Antonini, Via Latina",2.363101973,1061.983036
Main Road,,"Tabula Peutingeriana, Itinerarium Antonini, Via Latina",4.33928839,19821.30128
Main Road,,"Tabula Peutingeriana, Itinerarium Antonini, Via Latina",1.927128926,9887.554122
Main Road,,"Tabula Peutingeriana, Itinerarium Antonini, Via Latina",4.648773619,359.8370354
Main Road,,"Tabula Peutingeriana, Itinerarium Antonini, Via Latina",2.045175093,24442.24309
Main Road,,"Tabula Peutingeriana, Itinerarium Antonini, Via Labicana",2.916741634,4743.85141
Main Road,,"Tabula Peutingeriana, Itinerarium Antonini, Via Labicana",2.590108556,2449.626433
Main Road,,"Tabula Peutingeriana, Itinerarium Antonini, Via Labicana",1.698234158,14146.71903
Main Road,,"Tabula Peutingeriana, Itinerarium Antonini, Via Labicana",4.046941603,12282.40262
Main Road,Septimius Severus (198 CE),"Tabula Peutingeriana, Via Severiana",1.336789876,12233.95839
Secondary Road,,"Tabula Peutingeriana, Itinerarium Antonini",1.151132739,1304.196245
Secondary Road,,"Tabula Peutingeriana, Itinerarium Antonini",1.162817382,21431.56304
Main Road,Trajan (101-102 CE),"Tabula Peutingeriana, Itinerarium Antonini",4.402982133,12326.95416
Main Road,,,1.385055969,30256.17268
Secondary Road,,Itinerarium Antonini,0.970407085,13215.2848
Secondary Road,,,5.441529886,28055.11195
Main Road,,"Tabula Peutingeriana, Itinerarium Antonini",6.570171681,27454.96694
Secondary Road,Augustus (3-4 CE),Tabula Peutingeriana,2.824358441,13765.9505
Secondary Road,Augustus (3-4 CE),Tabula Peutingeriana,1.232785164,1966.694774
Secondary Road,Augustus (3-4 CE),Tabula Peutingeriana,1.007811538,6389.165895
Main Road,Augustus (3-4 CE),"Tabula Peutingeriana, Itinerarium Antonini",2.978200374,30804.8539
Main Road,Augustus (3-4 CE),"Tabula Peutingeriana, Itinerarium Antonini",2.050396145,11337.10262
Main Road,,"Tabula Peutingeriana, Itinerarium Antonini",3.781432376,49725.02484
Main Road,Claudius (48-49 CE),"Tabula Peutingeriana, Itinerarium Antonini, Via Claudia Valeria",2.376088202,10104.82489
Main Road,Claudius (48-49 CE),"Tabula Peutingeriana, Itinerarium Antonini, Via Claudia Valeria",3.103932896,9356.778934
Main Road,Claudius (48-49 CE),"Tabula Peutingeriana, Itinerarium Antonini, Via Claudia Valeria",2.984655283,25033.67062
Main Road,Claudius (48-49 CE),"Tabula Peutingeriana, Itinerarium Antonini, Via Claudia Valeria",5.475163728,13889.08045
Main Road,Marcus Valerius Messalla (154 BCE),"Itinerarium Antonini, Via Valeria",6.928395595,2258.59751
Main Road,Marcus Valerius Messalla (154 BCE),"Itinerarium Antonini, Via Valeria",4.161042833,35943.45824
Main Road,Marcus Valerius Messalla (154 BCE),"Tabula Peutingeriana, Itinerarium Antonini, Via Valeria",6.016821197,3353.720052
Main Road,Marcus Valerius Messalla (154 BCE),"Tabula Peutingeriana, Itinerarium Antonini, Via Valeria",4.46901089,15183.6525
Main Road,Marcus Valerius Maximus (307 BCE),"Tabula Peutingeriana, Itinerarium Antonini, Via Tiburtina",4.599841235,3594.053794
Main Road,Marcus Valerius Maximus (307 BCE),"Tabula Peutingeriana, Itinerarium Antonini, Via Tiburtina",2.100889802,25050.13874
Secondary Road,,,7.677497321,2340.61551
Main Road,,"Tabula Peutingeriana, Itinerarium Antonini, Via Latina",2.973472297,14368.13912
Main Road,,"Tabula Peutingeriana, Itinerarium Antonini, Via Latina",4.011665793,908.1188142
Main Road,,"Tabula Peutingeriana, Itinerarium Antonini, Via Latina",2.349136603,4136.719535
Main Road,,"Tabula Peutingeriana, Itinerarium Antonini, Via Latina",2.495118686,6721.696816
Main Road,Lucius Caecilius Metellus Calvus or Lucius Caecilius Metellus Diadematus (142-117 BCE),"Tabula Peutingeriana, Via Caecilia",4.410269386,21108.29459
Main Road,Late Republic (72-30 BCE),"Tabula Peutingeriana, Via Salaria",5.218443254,21839.49301
Main Road,Late Republic (72-30 BCE),"Tabula Peutingeriana, Via Salaria",3.98933984,49054.51384
Main Road,Late Republic (72-30 BCE),"Tabula Peutingeriana, Via Salaria",4.014415418,2156.689338
Main Road,Late Republic (72-30 BCE),"Tabula Peutingeriana, Via Salaria",1.53624529,26498.85452
Secondary Road,,,0.782029081,41751.86197
Secondary Road,,,3.319550275,29193.65141
Main Road,,,4.016575671,33596.4187
Main Road,,Tabula Peutingeriana,11.21651942,664.7587136
Main Road,,Tabula Peutingeriana,3.733949615,15147.43826
Main Road,,Tabula Peutingeriana,2.874657476,40631.00986
Secondary Road,,,3.151996878,21135.2021
Secondary Road,,"Tabula Peutingeriana, Itinerarium Antonini",0.97633405,4619.031236
Secondary Road,,"Tabula Peutingeriana, Itinerarium Antonini",0.849475807,553.7191685
Secondary Road,,"Tabula Peutingeriana, Itinerarium Antonini",2.290274462,15085.19865
Secondary Road,,"Tabula Peutingeriana, Itinerarium Antonini",2.31760126,22286.55911
Secondary Road,,,6.661758523,10751.39633
Secondary Road,,Tabula Peutingeriana,6.470441597,16580.10076
Secondary Road,,Tabula Peutingeriana,12.35272248,10216.93442
Secondary Road,,,9.327466238,19281.5573
Secondary Road,,,4.202758322,675.9452288
Secondary Road,,,8.380305798,11276.45923
Secondary Road,,,9.408814897,1979.847452
Secondary Road,,,13.04588081,218.9408965
Secondary Road,,,11.86654935,179.673366
Secondary Road,,,4.888250626,245.9311045
Secondary Road,,,11.9952778,1503.98607
Secondary Road,,,10.42704338,132.5045105
Secondary Road,,,5.328774833,3953.062873
Secondary Road,,,8.522325513,12378.47325
Secondary Road,,,4.793399278,15826.95015
Secondary Road,,Tabula Peutingeriana,1.214523101,5902.428235
Secondary Road,,Tabula Peutingeriana,1.304575199,4828.013824
Secondary Road,,Tabula Peutingeriana,1.759134521,14043.838
Secondary Road,,Tabula Peutingeriana,2.843049592,9837.539503
Secondary Road,,,9.777879155,1819.946918
Secondary Road,,,7.628166677,5373.41572
Secondary Road,,,4.786017646,1713.16384
Secondary Road,,,10.06910331,230.105592
Secondary Road,,,11.5748053,6811.570086
Secondary Road,,,5.569667721,321.6135772
Secondary Road,,,5.18609634,8602.793117
Secondary Road,,,2.57887631,8379.960218
Secondary Road,,,9.154354783,8259.671779
Secondary Road,,,0.89501051,1472.880314
Secondary Road,,,1.371582247,4125.614406
Secondary Road,,,1.808474718,9702.690244
Secondary Road,,,2.239717957,5707.86562
Secondary Road,,,1.608591121,6213.000737
Secondary Road,,,3.747736969,4689.639166
Secondary Road,,,4.107542718,9452.997769
Secondary Road,,,1.974853234,4973.91756
Secondary Road,,,2.677498506,2374.530771
Secondary Road,,,1.281124195,9934.696794
Secondary Road,,,1.425736428,13227.82397
Main Road,,"Tabula Peutingeriana, Via Clodia",3.419307273,103636.9768
Main Road,,Via Clodia,5.275529472,47170.87892
Secondary Road,,,4.443657368,35046.45461
Secondary Road,,,4.378875769,103331.5431
Secondary Road,,,2.863528002,19928.45627
Secondary Road,,Itinerarium Antonini,4.445682863,22545.55609
Secondary Road,,Itinerarium Antonini,4.815426906,63693.09334
Secondary Road,,,6.954935298,34161.66277
Secondary Road,,"Tabula Peutingeriana, Itinerarium Antonini, Via Cassia",0.858779161,28994.90882
Main Road,Gaius Aurelius Cotta (241 BCE),"Tabula Peutingeriana, Itinerarium Antonini, Via Aurelia",0.996621052,20985.70372
Main Road,Gaius Aurelius Cotta (241 BCE),"Tabula Peutingeriana, Itinerarium Antonini, Via Aurelia",1.376910421,38011.53734
Main Road,Gaius Aurelius Cotta (241 BCE),"Tabula Peutingeriana, Itinerarium Antonini, Via Aurelia",1.356506358,324.4182037
Main Road,Gaius Aurelius Cotta (241 BCE),"Tabula Peutingeriana, Itinerarium Antonini, Via Aurelia",1.253915666,1082.251187
Secondary Road,,,2.190911936,14850.29938
Main Road,Titus Annius Rufus (131 BCE),"Tabula Peutingeriana, Itinerarium Antonini, Via Annia",0.839129709,45871.61602
Main Road,,Via Claudia Augusta,0.646853283,677.8823748
Main Road,,Via Claudia Augusta,0.880207498,23043.90641
Main Road,,Tabula Peutingeriana,2.179098788,3266.472648
Main Road,,Tabula Peutingeriana,4.817298904,12733.7761
Main Road,,Tabula Peutingeriana,3.613294143,6016.906201
Main Road,,Tabula Peutingeriana,3.351591357,5634.369639
Secondary Road,,,2.054543904,3240.999614
Secondary Road,,,4.585112913,9789.776063
Secondary Road,,,2.015183848,12159.03187
Secondary Road,,,0.777241605,5777.192307
Secondary Road,,,2.081996571,1863.881747
Secondary Road,,,0.760185308,11227.73077
Secondary Road,,,0.819998409,31601.42427
Secondary Road,,,5.160548763,926.5969087
Secondary Road,,,0.848726103,30939.93481
Secondary Road,,,1.048914502,8879.55967
Secondary Road,,,1.016656062,7918.692186
Main Road,,Via Claudia Augusta,0.957368486,8778.696396
Main Road,,Via Claudia Augusta,1.520397221,732.9139676
Main Road,Drusus-Claudius (15 BCE-46 CE),"Tabula Peutingeriana, Itinerarium Antonini, Via Claudia Augusta",0.738877209,44460.69866
Main Road,Drusus-Claudius (15 BCE-46 CE),"Tabula Peutingeriana, Itinerarium Antonini, Via Claudia Augusta",2.855857279,65321.62727
Main Road,Drusus-Claudius (15 BCE-46 CE),"Tabula Peutingeriana, Itinerarium Antonini, Via Claudia Augusta",1.717299042,54624.25498
Main Road,Drusus-Claudius (15 BCE-46 CE),"Tabula Peutingeriana, Itinerarium Antonini, Via Claudia Augusta",0.981321906,8316.558083
Main Road,Spurius Postumius Albinus Magnus (148 BCE),"Tabula Peutingeriana, Itinerarium Antonini, Via Postumia",1.064120344,10327.54189
Main Road,Spurius Postumius Albinus Magnus (148 BCE),"Tabula Peutingeriana, Itinerarium Antonini, Via Postumia",1.04144024,40299.28731
Main Road,,Via Claudia Augusta,7.143256949,47536.56506
Main Road,,Via Claudia Augusta,4.846655616,30883.20099
Main Road,,"Tabula Peutingeriana, Itinerarium Antonini",1.049087819,5354.964546
Main Road,,"Tabula Peutingeriana, Itinerarium Antonini",1.369392809,58079.53823
Main Road,,"Tabula Peutingeriana, Itinerarium Antonini",2.107969527,419.1502984
Secondary Road,,,3.22423083,26180.66848
Secondary Road,,,2.486375146,6468.020447
Secondary Road,,,8.71138164,21183.87092
Secondary Road,,Tabula Peutingeriana,1.159202318,49185.19853
Main Road,,Tabula Peutingeriana,2.737504125,47557.94472
Main Road,,Tabula Peutingeriana,1.084061346,55355.34358
Main Road,Spurius Postumius Albinus Magnus (148 BCE),"Itinerarium Antonini, Via Postumia",1.146637574,39424.11186
Main Road,Marcus Aemilius Scaurus (109 BCE),"Tabula Peutingeriana, Itinerarium Antonini, Via Aemilia Scauri",1.466168109,41722.30531
Main Road,,"Tabula Peutingeriana, Itinerarium Antonini",1.576660673,1410.706479
Main Road,,"Tabula Peutingeriana, Itinerarium Antonini",1.213364529,50199.00074
Main Road,Marcus Aemilius Scaurus (109 BCE),"Tabula Peutingeriana, Itinerarium Antonini, Via Aemilia Scauri",9.395518684,19856.02686
Secondary Road,,,1.238239797,33703.35317
Secondary Road,,,1.278771798,16483.3263
Secondary Road,,,1.004146967,30269.39073
Secondary Road,,Tabula Peutingeriana,1.150973611,27654.37106
Main Road,,Itinerarium Antonini,0.704809278,32519.80581
Main Road,,Itinerarium Antonini,1.099890207,17218.19599
Main Road,,Itinerarium Antonini,1.724483919,7046.243524
Main Road,,Itinerarium Antonini,0.874860033,32576.4358
Main Road,Spurius Postumius Albinus Magnus (148 BCE),Via Postumia,1.017221275,31411.12747
Secondary Road,,,1.198976219,34759.14773
Secondary Road,,,1.510865673,47947.18866
Secondary Road,,,2.392521307,2180.209974
Main Road,Spurius Postumius Albinus Magnus (148 BCE),"Tabula Peutingeriana, Via Postumia",0.810010869,6023.83186
Main Road,Spurius Postumius Albinus Magnus (148 BCE),"Tabula Peutingeriana, Via Postumia",0.820061858,33618.74775
Secondary Road,,,1.287812945,30313.23839
Secondary Road,,,0.84087953,18610.66597
Main Road,Augustus-Claudius (12 BCE-47 CE),Itinerarium Antonini,0.830219936,21207.39234
Main Road,Augustus-Claudius (12 BCE-47 CE),"Tabula Peutingeriana, Itinerarium Antonini",1.278152336,45617.62242
Main Road,Augustus-Claudius (12 BCE-47 CE),"Tabula Peutingeriana, Itinerarium Antonini",2.642236627,2139.009036
Secondary Road,,Itinerarium Antonini,1.351639319,2263.04318
Secondary Road,,Itinerarium Antonini,1.124195872,47963.32968
Secondary Road,,,0.912395921,23376.98337
Main Road,Augustus-Claudius (12 BCE-47 CE),Itinerarium Antonini,1.102566916,35896.39966
Main Road,Augustus-Claudius (12 BCE-47 CE),Itinerarium Antonini,0.988933858,10819.03163
Main Road,Augustus-Claudius (12 BCE-47 CE),"Tabula Peutingeriana, Itinerarium Antonini",2.667749608,65448.84226
Main Road,,Tabula Peutingeriana,2.625578537,55246.48816
Main Road,,"Tabula Peutingeriana, Itinerarium Antonini",2.750804785,2652.215974
Main Road,,"Tabula Peutingeriana, Itinerarium Antonini",1.729334914,2950.18081
Main Road,,"Tabula Peutingeriana, Itinerarium Antonini",1.564688216,37155.11756
Main Road,,,1.328665688,37751.08535
Main Road,,Itinerarium Antonini,0.93537935,31381.84304
Main Road,,,0.937764685,18844.51111
Main Road,,"Tabula Peutingeriana, Itinerarium Antonini",0.770151893,29315.67518
Main Road,Septimius Severus Caracalla and Geta (201 CE),"Tabula Peutingeriana, Itinerarium Antonini",1.413132432,1556.745945
Main Road,Septimius Severus Caracalla and Geta (201 CE),"Tabula Peutingeriana, Itinerarium Antonini",1.072674398,521.4978498
Main Road,Septimius Severus Caracalla and Geta (201 CE),"Tabula Peutingeriana, Itinerarium Antonini",4.951595049,79556.50384
Secondary Road,,,1.014944114,25305.08989
Main Road,Spurius Postumius Albinus Magnus (148 BCE),"Tabula Peutingeriana, Itinerarium Antonini, Via Postumia",1.274894154,22194.08958
Main Road,Claudius (41-54 CE),"Tabula Peutingeriana, Itinerarium Antonini",3.597504308,16483.27562
Main Road,Claudius (41-54 CE),"Tabula Peutingeriana, Itinerarium Antonini",1.357954539,2797.291359
Main Road,Claudius (41-54 CE),"Tabula Peutingeriana, Itinerarium Antonini",1.507202659,7726.610611
Main Road,Claudius (41-54 CE),"Tabula Peutingeriana, Itinerarium Antonini",0.852497604,35477.78505
Main Road,,Itinerarium Antonini,3.768050329,1127.970316
Secondary Road,,,2.758711266,42153.53947
Secondary Road,,,7.986289887,28567.44054
Main Road,Spurius Postumius Albinus Magnus (148 BCE),"Tabula Peutingeriana, Itinerarium Antonini, Via Postumia",5.604412123,33197.08626
Secondary Road,,,4.552285292,24238.0681
Secondary Road,,,1.999292884,48204.27763
Secondary Road,,,1.061587943,41325.7604
Secondary Road,,,0.722720448,35031.93469
Secondary Road,,,2.514057568,55060.80989
Secondary Road,,,0.791757938,69188.71137
Secondary Road,,,0.861981641,87416.50645
Secondary Road,,Itinerarium Antonini,0.862460403,28097.88151
Secondary Road,,Itinerarium Antonini,0.713426033,42438.34194
Secondary Road,,Tabula Peutingeriana,0.806710384,31903.69395
Secondary Road,,Tabula Peutingeriana,0.69634987,12423.82772
Secondary Road,,,0.836108251,38933.45508
Secondary Road,,,0.691317586,26430.97835
Secondary Road,,,0.892772551,13354.33082
Secondary Road,,,0.969001955,25781.6537
Secondary Road,,Itinerarium Antonini,0.931195517,19009.95616
Secondary Road,,Itinerarium Antonini,0.705179559,33756.20062
Secondary Road,,,1.657769714,59629.76439
Secondary Road,,,1.744877231,61165.65101
Secondary Road,,Tabula Peutingeriana,0.716277066,13967.98012
Secondary Road,,Tabula Peutingeriana,1.00070746,38549.95673
Secondary Road,,,2.406441167,14570.31564
Secondary Road,,,0.77536446,36187.35602
Main Road,,"Tabula Peutingeriana, Itinerarium Antonini, Via Ostiensis",1.478392663,19067.41962
Main Road,,"Tabula Peutingeriana, Itinerarium Antonini, Via Ostiensis",1.996525531,4498.939945
Main Road,Septimius Severus (198 CE),Via Severiana,0.823110188,3292.584141
Main Road,,"Itinerarium Antonini, Via Portuensis, Via Campana",3.385140308,1953.262246
Main Road,,Via Campana,1.640073399,13614.97104
Main Road,Spurius Postumius Albinus Magnus (148 BCE),"Tabula Peutingeriana, Itinerarium Antonini, Via Postumia",0.778831607,33650.97652
Main Road,,"Itinerarium Antonini, Via Portuensis",3.139576642,12672.30557
Main Road,,"Itinerarium Antonini, Via Portuensis, Via Campana",2.44220778,1017.729045
Main Road,,"Itinerarium Antonini, Via Portuensis, Via Campana",1.095762262,7382.385449
Secondary Road,,"Tabula Peutingeriana, Itinerarium Antonini",2.208034171,7576.254958
Secondary Road,,"Tabula Peutingeriana, Itinerarium Antonini, Via Laurentina",2.455792413,10224.22284
Secondary Road,,"Tabula Peutingeriana, Via Laurentina",1.189261304,4504.979172
Secondary Road,,"Tabula Peutingeriana, Itinerarium Antonini, Via Laurentina",1.994258322,5563.119895
Main Road,Appius Claudius Caecus (312 BCE),"Tabula Peutingeriana, Itinerarium Antonini, Via Appia, Via Latina",2.080203185,725.0997658
Secondary Road,,Via Ardeatina,2.214488039,1332.925678
Secondary Road,,Via Ardeatina,2.486374695,29920.33089
Secondary Road,,Via Ardeatina,0.903406855,1313.281816
Secondary Road,,Tabula Peutingeriana,1.827983211,7409.857909
Secondary Road,,,2.3021781,6810.982861
Main Road,,"Tabula Peutingeriana, Itinerarium Antonini, Via Praenestina",2.069763457,15456.70034
Main Road,,"Tabula Peutingeriana, Itinerarium Antonini, Via Praenestina",2.884635312,17740.53862
Secondary Road,,Itinerarium Antonini,2.812337626,2050.049301
Secondary Road,,Itinerarium Antonini,1.614172046,3208.252737
Secondary Road,,Itinerarium Antonini,2.786743261,6070.518166
Secondary Road,,,3.369013444,5945.355323
Secondary Road,,,5.178600192,2443.261962
Secondary Road,,,4.627920988,5758.475321
Secondary Road,,,3.327839168,10879.65745
Secondary Road,,,2.224098417,10068.09645
Secondary Road,,,1.796979859,5016.172193
Secondary Road,,,2.168514314,6344.314702
Secondary Road,,,2.619592909,4609.482334
Secondary Road,,,1.748742112,8359.186525
Secondary Road,,,4.130465238,2951.501783
Secondary Road,,Tabula Peutingeriana,7.805142236,16841.05966
Secondary Road,,Tabula Peutingeriana,2.953584247,16797.45512
Main Road,Marcus Valerius Messalla (154 BCE),"Tabula Peutingeriana, Itinerarium Antonini, Via Valeria",5.331741753,5243.648242
Main Road,,Itinerarium Antonini,2.958848694,2432.909341
Secondary Road,,,8.815176238,7140.653827
Main Road,Marcus Valerius Messalla (154 BCE),"Tabula Peutingeriana, Itinerarium Antonini, Via Valeria",3.393812238,5325.672882
Secondary Road,,Tabula Peutingeriana,5.064649028,8332.516426
Secondary Road,,Tabula Peutingeriana,4.98145853,19900.36065
Secondary Road,,Tabula Peutingeriana,5.534323895,565.3278025
Secondary Road,,Tabula Peutingeriana,4.968675941,8530.947589
Secondary Road,,,2.648118432,4488.30376
Secondary Road,,,3.727276564,6572.625581
Secondary Road,,,2.273715774,12771.92277
Secondary Road,,,1.263706765,7887.230702
Secondary Road,,,5.179868649,1629.606006
Secondary Road,,,2.890304437,10977.12266
Secondary Road,,,4.019529802,24589.53536
Secondary Road,,,4.611146376,23569.92557
Secondary Road,,,4.494987414,15758.42873
Secondary Road,,,3.625287827,55187.02355
Secondary Road,,,2.966025937,9482.898223
Secondary Road,,,2.680570476,19454.49626
Secondary Road,,,2.443297118,25302.37894
Secondary Road,,,3.928359501,9837.012433
Secondary Road,,,4.97853571,26202.52608
Secondary Road,,,1.759517083,19207.98691
Secondary Road,,,3.40069461,18573.08056
Secondary Road,,,4.65245097,54561.6439
Secondary Road,,Tabula Peutingeriana,1.04303253,9726.405677
Main Road,Marcus Valerius Messalla (154 BCE),"Tabula Peutingeriana, Itinerarium Antonini, Via Valeria",6.741414719,22472.21773
Secondary Road,,Tabula Peutingeriana,2.227666403,6607.947135
Secondary Road,,,3.784320273,74419.1407
Main Road,Augustus (12-11 BCE),"Tabula Peutingeriana, Itinerarium Antonini",3.543210606,3455.268006
Main Road,Augustus (12-11 BCE),"Tabula Peutingeriana, Itinerarium Antonini",4.053946156,11998.67036
Main Road,Augustus (12-11 BCE),"Tabula Peutingeriana, Itinerarium Antonini",1.370385288,14577.64638
Secondary Road,,,1.076347552,10035.14562
Secondary Road,,,2.083781161,4399.717553
Secondary Road,,,3.017428246,5225.460312
Secondary Road,,,2.010105483,8781.292925
Secondary Road,,,2.749224593,20840.78458
Secondary Road,,,0.914754552,3626.418204
Secondary Road,,,3.079522838,28813.07178
Secondary Road,,,3.325366014,30196.93886
Secondary Road,,,1.717268926,11918.31928
Secondary Road,,"Tabula Peutingeriana, Itinerarium Antonini",2.257984339,3969.015905
Secondary Road,,,2.533094019,32325.74812
Secondary Road,,"Tabula Peutingeriana, Itinerarium Antonini",1.755538873,18062.99339
Secondary Road,,Tabula Peutingeriana,3.518766841,25175.18327
Secondary Road,,Tabula Peutingeriana,4.18379623,36276.04973
Secondary Road,,Tabula Peutingeriana,5.278789352,9360.778466
Secondary Road,,,4.439110246,54449.33903
Secondary Road,,,1.066673517,6620.396057
Secondary Road,,,0.930264911,12489.9352
Secondary Road,,,2.908196219,22229.90511
Secondary Road,,Itinerarium Antonini,0.871551647,35178.33362
Secondary Road,,Itinerarium Antonini,0.858104493,24478.12654
Secondary Road,,,0.920379489,19275.7008
Secondary Road,,Itinerarium Antonini,1.395804091,5109.695897
Secondary Road,,Itinerarium Antonini,0.943939861,44582.06594
Main Road,Constantine the Great (326 CE),,0.887823833,47959.18525
Secondary Road,,,0.827594955,21050.97803
Secondary Road,,,0.978136948,10547.81534
Secondary Road,,,0.971040465,47942.6009
Main Road,,"Tabula Peutingeriana, Itinerarium Antonini",0.736446666,18534.4179
Main Road,,"Tabula Peutingeriana, Itinerarium Antonini",0.88390873,1019.444126
Main Road,,"Tabula Peutingeriana, Itinerarium Antonini",1.189343137,25644.6367
Main Road,,"Tabula Peutingeriana, Itinerarium Antonini",0.809915289,17945.78409
Main Road,,Tabula Peutingeriana,0.886211451,30736.32183
Secondary Road,,,0.916907722,72169.56081
Secondary Road,,Itinerarium Antonini,0.940206763,9631.073276
Secondary Road,,Itinerarium Antonini,0.882696856,17187.09697
Secondary Road,,,0.840723021,16533.39545
Secondary Road,,,1.130791611,8244.094574
Secondary Road,,,1.239672654,9453.572663
Main Road,,Tabula Peutingeriana,3.47604346,74792.20694
Secondary Road,,,1.312982898,24939.93966
Secondary Road,,,5.210750216,127899.9833
Secondary Road,,,3.360968574,65258.70968
Secondary Road,,,1.068917384,22673.88055
Secondary Road,,,0.849592816,51664.81838
Main Road,,"Tabula Peutingeriana, Itinerarium Antonini",1.489712493,12348.52256
Main Road,,"Tabula Peutingeriana, Itinerarium Antonini",1.23081003,12126.37308
Main Road,Gaius Aurelius Cotta (241 BCE),"Tabula Peutingeriana, Itinerarium Antonini, Via Aurelia",1.531576815,51038.8574
Secondary Road,,,1.638553086,11775.7467
Secondary Road,,,3.378760867,5304.943408
Secondary Road,,,1.039416771,4464.061032
Secondary Road,,"Tabula Peutingeriana, Itinerarium Antonini",3.514339815,44407.13476
Secondary Road,,"Tabula Peutingeriana, Itinerarium Antonini",2.994404853,18940.59883
Secondary Road,,,2.793589801,637.5499572
Secondary Road,,,1.31787801,11629.2501
Secondary Road,,,1.398055754,8905.565355
Secondary Road,,,3.673286329,70809.86918
Secondary Road,,Itinerarium Antonini,4.910039899,37980.36613
Secondary Road,,,1.268242384,27093.22904
Secondary Road,,,1.346639299,58321.38243
Secondary Road,,,1.994514094,41994.88586
Secondary Road,,Tabula Peutingeriana,1.941417789,12259.94569
Secondary Road,,Tabula Peutingeriana,0.86729091,15752.57309
Secondary Road,,,0.730258233,31038.55761
Secondary Road,,,2.507897586,63081.49875
Secondary Road,,,2.072978304,48250.11356
Secondary Road,,"Tabula Peutingeriana, Via Nomentana",2.600937157,21014.94336
Secondary Road,,Via Nomentana,2.048973928,8947.454976
Main Road,Lucius Caecilius Metellus Calvus or Lucius Caecilius Metellus Diadematus (142-117 BCE),"Tabula Peutingeriana, Via Caecilia",1.879634659,5737.797634
Main Road,Lucius Caecilius Metellus Calvus or Lucius Caecilius Metellus Diadematus (142-117 BCE),Via Caecilia,6.139155189,79497.2366
Main Road,Lucius Caecilius Metellus Calvus or Lucius Caecilius Metellus Diadematus (142-117 BCE),Via Caecilia,5.112189893,999.0581475
Secondary Road,,Itinerarium Antonini,3.728446565,13974.28678
Main Road,,"Tabula Peutingeriana, Itinerarium Antonini",5.017717061,12698.71254
Secondary Road,,"Tabula Peutingeriana, Itinerarium Antonini",3.004503531,11204.40507
Secondary Road,,"Tabula Peutingeriana, Itinerarium Antonini",3.07597525,25565.34646
Secondary Road,,Itinerarium Antonini,4.169326022,45279.74802
Secondary Road,,Itinerarium Antonini,3.460606481,56350.63534
Secondary Road,,Itinerarium Antonini,4.995121583,52854.43675
Secondary Road,,,2.860507315,7533.110528
Main Road,,"Tabula Peutingeriana, Itinerarium Antonini",1.528913741,5313.001329
Main Road,,"Tabula Peutingeriana, Itinerarium Antonini",1.047501221,41909.62044
Secondary Road,,,4.012547785,82911.24576
Secondary Road,,,6.865041431,15102.01787
Main Road,,Itinerarium Antonini,6.228593967,34476.30706
Main Road,,Tabula Peutingeriana,1.858885187,73080.91503
Main Road,,"Tabula Peutingeriana, Itinerarium Antonini",0.717596532,10121.80341
Main Road,,"Tabula Peutingeriana, Itinerarium Antonini",0.776070689,15328.19831
Main Road,,,7.419647652,8384.024668
Main Road,,,5.553047749,57541.98671
Main Road,Late Republic (72-30 BCE),"Tabula Peutingeriana, Via Salaria",4.805733027,83744.69242
Main Road,,"Tabula Peutingeriana, Itinerarium Antonini, Via Cassia",3.085721105,81082.73307
Main Road,,"Tabula Peutingeriana, Itinerarium Antonini, Via Cassia",1.052958591,4506.770149
Secondary Road,,"Tabula Peutingeriana, Itinerarium Antonini, Via Cassia",1.879997523,48949.48374
Main Road,Marcus Aemilius Scaurus (109 BCE),"Tabula Peutingeriana, Itinerarium Antonini, Via Aemilia Scauri",0.8474626,10126.43453
Main Road,Marcus Aemilius Scaurus (109 BCE),"Tabula Peutingeriana, Itinerarium Antonini, Via Aemilia Scauri",1.165096449,58177.19244
Secondary Road,,,1.345760775,17896.54464
Secondary Road,,,2.486027909,32472.05417
Main Road,,Tabula Peutingeriana,0.965190629,20552.61724
Main Road,Spurius Postumius Albinus Magnus (148 BCE),Via Postumia,0.98989381,33288.87838
Main Road,Titus Annius Rufus (131 BCE),"Tabula Peutingeriana, Itinerarium Antonini, Via Annia",0.925041773,17879.15221
Main Road,Titus Annius Rufus (131 BCE),"Tabula Peutingeriana, Itinerarium Antonini, Via Annia",0.687903962,4698.053289
Main Road,,"Tabula Peutingeriana, Itinerarium Antonini, Via Pelosa",0.958815087,32288.36494
Secondary Road,,,0.873224132,45874.98547
Secondary Road,,,0.962122978,8747.368854
Secondary Road,,,0.784052331,4300.351933
Secondary Road,,,1.028057685,889.3866806
Secondary Road,,,0.781673386,29211.92203
Secondary Road,,,1.019925473,5800.169321
Secondary Road,,,1.028990918,5616.231715
Secondary Road,,,5.3941513,54284.11784
Main Road,Spurius Postumius Albinus Magnus (148 BCE),"Tabula Peutingeriana, Via Postumia",0.840978146,17895.45439
Main Road,Spurius Postumius Albinus Magnus (148 BCE),"Tabula Peutingeriana, Via Postumia",0.795602673,6675.808548
Main Road,Spurius Postumius Albinus Magnus (148 BCE),"Tabula Peutingeriana, Via Postumia",0.962831876,15752.0997
Main Road,Spurius Postumius Albinus Magnus (148 BCE),"Tabula Peutingeriana, Via Postumia",0.85127521,12278.09454
Main Road,Spurius Postumius Albinus Magnus (148 BCE),"Tabula Peutingeriana, Via Postumia",1.06455629,5894.600826
Main Road,Spurius Postumius Albinus Magnus (148 BCE),"Tabula Peutingeriana, Via Postumia",0.800010752,1617.071961
Main Road,Spurius Postumius Albinus Magnus (148 BCE),"Tabula Peutingeriana, Via Postumia",0.876110088,27891.67334
Main Road,Spurius Postumius Albinus Magnus (148 BCE),"Tabula Peutingeriana, Via Postumia",0.903402042,3949.060332
Main Road,Spurius Postumius Albinus Magnus (148 BCE),"Tabula Peutingeriana, Via Postumia",0.975443633,17102.17264
Secondary Road,,,4.302260659,86168.69024
Secondary Road,,,5.789452567,69632.16966
Secondary Road,,,6.021404743,60318.72982
Secondary Road,,,0.927412419,9310.620861
Secondary Road,,,0.837570675,12825.86501
Secondary Road,,,1.447475333,21014.44777
Secondary Road,,,1.265905977,1410.831435
Main Road,,Via Claudia Augusta,2.116846461,24693.90998
Main Road,,Via Claudia Augusta,4.3562444,24215.93671
Main Road,,Tabula Peutingeriana,7.111385511,22136.3222
Main Road,Spurius Postumius Albinus Magnus (148 BCE),"Tabula Peutingeriana, Itinerarium Antonini, Via Postumia",0.897970678,11816.08701
Secondary Road,,Itinerarium Antonini,0.78957552,15413.23923
Main Road,Marcus Aemilius Scaurus (109 BCE),"Tabula Peutingeriana, Itinerarium Antonini, Via Aemilia Scauri",4.435237638,42924.17125
Main Road,Marcus Aemilius Scaurus (109 BCE),"Tabula Peutingeriana, Itinerarium Antonini, Via Aemilia Scauri",2.661886572,5302.661873
Main Road,Spurius Postumius Albinus Magnus (148 BCE),"Tabula Peutingeriana, Itinerarium Antonini, Via Postumia",1.872471196,7210.011064
Secondary Road,,,0.605415389,14873.42156
Main Road,Publius Popillius Laenas (132 BCE),"Tabula Peutingeriana, Itinerarium Antonini, Via Popillia",1.068138786,7748.238856
Main Road,,Itinerarium Antonini,3.930992885,697.4770235
Main Road,Gaius Aurelius Cotta (241 BCE),Via Aurelia,1.027645377,15930.21737
Main Road,,Itinerarium Antonini,2.471291961,4698.65432
Main Road,,"Tabula Peutingeriana, Itinerarium Antonini",1.038913362,2410.812019
Main Road,,Tabula Peutingeriana,2.029578486,6295.605446
Main Road,,Tabula Peutingeriana,2.993370318,7166.82279
Main Road,,"Tabula Peutingeriana, Itinerarium Antonini, Via Clodia",1.924558206,23389.98302
Main Road,,"Tabula Peutingeriana, Itinerarium Antonini, Via Clodia",5.277041252,3187.656342
Main Road,,"Tabula Peutingeriana, Via Latina",2.379500093,12857.31562
Main Road,,Tabula Peutingeriana,5.032878669,11548.46241
Main Road,Publius Popillius Laenas (132 BCE),"Tabula Peutingeriana, Itinerarium Antonini, Via Popillia Capua-Rhegium",1.119295621,538.2647881
Main Road,Publius Popillius Laenas (132 BCE),"Tabula Peutingeriana, Via Popillia Capua-Rhegium",1.987335405,8627.407482
Secondary Road,,Tabula Peutingeriana,1.274849212,12888.14419
Main Road,Spurius Postumius Albinus Magnus (148 BCE),"Tabula Peutingeriana, Itinerarium Antonini, Via Postumia",2.01544114,82.17558912
Main Road,Spurius Postumius Albinus Magnus (148 BCE),"Tabula Peutingeriana, Itinerarium Antonini, Via Postumia",0.945707519,17413.24396
Main Road,Spurius Postumius Albinus Magnus (148 BCE),"Tabula Peutingeriana, Itinerarium Antonini, Via Postumia",0.867190697,16716.40332
Main Road,,"Tabula Peutingeriana, Itinerarium Antonini",2.118143947,1346.821392
Main Road,,"Tabula Peutingeriana, Itinerarium Antonini",0.775546717,21694.06266
Main Road,,"Tabula Peutingeriana, Itinerarium Antonini",1.132224207,17240.39523
Main Road,,Tabula Peutingeriana,0.786918655,33313.35782
Main Road,,,0.892634624,16323.78222
Main Road,Spurius Postumius Albinus Magnus (148 BCE),Via Postumia,0.72194146,16385.73629
Main Road,Publius Popillius Laenas (132 BCE),Via Popillia,0.726871141,16466.37705
Main Road,Publius Popillius Laenas (132 BCE),Via Popillia,0.705025878,180.9706433
Main Road,Publius Popillius Laenas (132 BCE),Via Popillia,0.669925899,12684.2298
Main Road,,,0.640487432,7330.323258
Main Road,,Itinerarium Antonini,1.131928786,24549.37539
Main Road,,Itinerarium Antonini,1.961590686,37780.03776
Main Road,Gaius Aurelius Cotta (241 BCE),"Tabula Peutingeriana, Itinerarium Antonini, Via Aurelia",1.790100311,8637.023609
Main Road,Claudius (47 CE),Via Claudia Nova,3.504881755,39325.56593
Main Road,Marcus Valerius Messalla (154 BCE),"Tabula Peutingeriana, Itinerarium Antonini, Via Valeria",4.234944532,15656.18064
Main Road,Marcus Valerius Messalla (154 BCE),"Itinerarium Antonini, Via Valeria",3.439419088,6617.256126
Secondary Road,,Tabula Peutingeriana,4.560197081,46434.03376
Main Road,,"Tabula Peutingeriana, Itinerarium Antonini",4.22650134,6329.867769
Main Road,Trajan (108-110 CE),"Itinerarium Antonini, Via Traiana",1.005635905,1834.34559
Main Road,Trajan (108-110 CE),"Itinerarium Antonini, Via Traiana",1.646284418,25396.42271
Main Road,,,0.995238881,19916.78553
Main Road,,"Tabula Peutingeriana, Itinerarium Antonini",1.017427775,18322.03479
Main Road,,"Tabula Peutingeriana, Itinerarium Antonini",1.479874523,15123.44788
Main Road,,"Tabula Peutingeriana, Itinerarium Antonini",7.817171218,2848.768055
Main Road,Publius Popillius Laenas (132 BCE),"Itinerarium Antonini, Via Popillia Capua-Rhegium",4.283456248,7140.676134
Main Road,Lucius Cornelius Scipio Asiaticus and Gaius Laelius (190 BCE),"Tabula Peutingeriana, Itinerarium Antonini, Via Appia",3.222156345,18032.52999
Main Road,Lucius Cornelius Scipio Asiaticus and Gaius Laelius (190 BCE),"Tabula Peutingeriana, Itinerarium Antonini, Via Appia",2.296667177,40106.88971
Main Road,Titus Quintius Flaminius (123 BCE),"Tabula Peutingeriana, Itinerarium Antonini, Via Quinctia",1.790952479,79948.21962
Main Road,Claudius (47 CE),"Tabula Peutingeriana, Via Claudia Nova",2.93563217,15542.57851
Main Road,Septimius Severus Caracalla and Geta (201 CE),"Tabula Peutingeriana, Itinerarium Antonini",5.048231757,48706.51646
Secondary Road,,,0.854570082,20361.95882
Main Road,,"Tabula Peutingeriana, Itinerarium Antonini",2.534888273,7796.005811
Main Road,,"Tabula Peutingeriana, Itinerarium Antonini",2.575538242,1525.870217
Main Road,,"Tabula Peutingeriana, Itinerarium Antonini",3.387117662,5380.044027
Secondary Road,Augustus (3 BCE),,1.298907888,61231.66673
Secondary Road,,Via Triumphalis,2.75853784,11740.24198
Secondary Road,,,1.049787862,9811.165777
Secondary Road,,,1.94297531,28712.04836
Main Road,Claudius (41-54 CE),"Tabula Peutingeriana, Itinerarium Antonini",0.798658619,10396.98972
Secondary Road,,,1.251877645,23245.12748
Main Road,Augustus-Claudius (12 BCE-47 CE),"Tabula Peutingeriana, Itinerarium Antonini",1.150605967,113.9665852
Main Road,Drusus-Claudius (15 BCE-46 CE),"Tabula Peutingeriana, Itinerarium Antonini, Via Claudia Augusta",1.717299042,15978.90924
Secondary Road,,Tabula Peutingeriana,2.843049592,3049.675017
